Green,Stephen,Staff Engineer,steph.green@lang-wilson.biz,+1-843-731-8879x40862
Hoover,James,Staff Engineer,james.hoove@golden-richardson.com,+1-538-647-7452x003
Webb,Vanessa,Staff Engineer,vanes.webb@brown-king.com,(551)367-5502x2373
Ho,Nicole,Staff Engineer,nicol.ho@walker-strickland.com,966-460-8172x029
Jones,John,Staff Engineer,john.jones@gaines.com,+1-382-664-7904x958
Brown,Kevin,Staff Engineer,kevin.brown@white.com,001-669-744-4922x31115
May,Jonathan,Staff Engineer,jonat.may@taylor.com,819.925.1964
Lewis,Karen,Staff Engineer,karen.lewis@baker.org,001-202-295-1331x5251
Thompson,Benjamin,Staff Engineer,benja.thomp@thomas.com,(285)492-7808x3122
Kelley,Lisa,Staff Engineer,lisa.kelle@harris-wright.com,(208)575-7743x8165
Weiss,Ryan,Senior Engineer,ryan.weiss@cole.info,+1-796-334-8524x689
Williamson,Stephanie,Senior Engineer,steph.willi@lester-miller.com,577.429.7816x724
Weaver,Jennifer,Senior Engineer,jenni.weave@boyd.info,001-253-513-9190x310
Brown,Kristin,Senior Engineer,krist.brown@thomas.info,9928534066
Hill,Michelle,Senior Engineer,miche.hill@ballard.com,001-520-693-4482
Velez,Tracy,Senior Engineer,tracy.velez@henson-nguyen.net,242-394-4242x865
Grant,James,Senior Engineer,james.grant@bennett-malone.org,(959)546-2407x84839
Brown,Christopher,Senior Engineer,chris.brown@morris.net,+1-440-302-8866x744
Cross,Sandra,Senior Engineer,sandr.cross@schneider-jones.net,7895310782
Greene,Ricky,Senior Engineer,ricky.green@fox-lowe.com,547-854-5514x5358
Mcclain,Susan,Senior Engineer,susan.mccla@campbell-fischer.com,001-964-283-1148x09180
Powell,Elizabeth,Senior Engineer,eliza.powel@woods.net,991-668-4612
Gonzalez,John,Senior Engineer,john.gonza@jackson.biz,001-825-571-4665
Hudson,Lori,Senior Engineer,lori.hudso@mann-lawson.com,+1-203-613-3207x920
Butler,Kyle,Senior Engineer,kyle.butle@cole.com,5892688875
Kirby,Brooke,Senior Engineer,brook.kirby@pierce.com,(300)368-6047x14197
Brown,Heather,Senior Engineer,heath.brown@nichols.info,001-552-233-0000x661
Dean,Jeffrey,Senior Engineer,jeffr.dean@phillips.com,(917)655-1879x3741
Gutierrez,Darren,Senior Engineer,darre.gutie@garner-ewing.com,(868)225-7041x5580
Larson,Rebecca,Senior Engineer,rebec.larso@hernandez.com,(951)591-8729x78425
Kaiser,Tina,Junior Engineer,tina.kaise@garcia.com,001-270-956-4633x829
Mendoza,Jennifer,Junior Engineer,jenni.mendo@fields-rasmussen.biz,492.784.4728x947
Gomez,Jeffrey,Junior Engineer,jeffr.gomez@thomas.com,(997)553-0470
Perkins,Melissa,Junior Engineer,melis.perki@lee.biz,+1-909-725-2337
Guerrero,Raymond,Junior Engineer,raymo.guerr@peterson.com,6815799301
Molina,Crystal,Junior Engineer ,cryst.molin@simpson-moore.net,886.783.1349
Gordon,Rachel,Junior Engineer,rache.gordo@montes.net,232-318-8354
Patel,Briana,Junior Engineer,brian.patel@miller.com,582-633-4238
Jones,David,Junior Engineer,david.jones@ware.biz,360-345-6673x279
Sharp,Michael,Junior Engineer,micha.sharp@walters-horton.com,(244)389-5446x691
Perez,Arthur,Junior Engineer,arthu.perez@ross.info,001-347-514-5635
Nelson,Courtney,Junior Engineer,court.nelso@mcconnell.com,+1-281-492-1785x8871
Parks,Hannah,Junior Engineer,hanna.parks@holt.biz,(220)266-7096x025
Calderon,Eric,Junior Engineer,eric.calde@newton-wilkinson.com,+1-256-514-1427x5783
Jenkins,Alison,Junior Engineer,aliso.jenki@williams-woods.com,511-381-0543x490
Perez,Brandy,Junior Engineer,brand.perez@huynh.biz,304.513.1757
Lam,Alan,Junior Engineer,alan.lam@johnson.biz,001-376-994-4286
Garcia,Hannah,Junior Engineer,hanna.garci@maxwell.com,+1-765-755-5146x9872
Reynolds,Carl,Junior Engineer,carl.reyno@shepherd-richards.org,(560)956-5564x071
Kline,Brooke,Junior Engineer,brook.kline@pennington.net,395-728-7085
Miller,Melissa,Junior Engineer,melis.mille@matthews.com,554-707-1467x00226
Everett,Jacob,Junior Engineer,jacob.evere@herman.com,+1-294-428-6644x170
Williams,Jonathan,Junior Engineer,jonat.willi@bennett.com,912-571-9405
Boyd,Jack,Junior Engineer,jack.boyd@weeks.com,948.962.3084x65538
Barrett,Victoria,Junior Engineer,victo.barre@taylor.com,924-983-2750x0257
Ponce,Erica,Junior Engineer,erica.ponce@adams.info,(541)926-4299x83228
Boone,Caleb,Junior Engineer,caleb.boone@garcia-lopez.com,(529)523-8759
Barnett,Lisa,Junior Engineer,lisa.barne@hobbs.com,519-203-2733x98442
Garcia,Tracey,Junior Engineer,trace.garci@gonzalez-brown.org,+1-330-653-3839x33566
Bishop,Brenda,Junior Engineer,brend.bisho@coleman-mann.com,(626)360-4079
Russo,Scott,Junior Engineer,scott.russo@griffith.com,226-360-0125x153
Wong,Jeffery,Junior Engineer,jeffe.wong@ochoa.biz,224.732.0430
Thomas,Daniel,Junior Engineer,danie.thoma@smith.com,6968307104
Campbell,Martin,Junior Engineer,marti.campb@hawkins.net,+1-476-319-1375
Walters,Amanda,Junior Engineer,amand.walte@james.biz,+1-835-675-1700x962
Hamilton,Matthew,Junior Engineer,matth.hamil@lee-moss.com,(941)485-2249x099
Jenkins,Jennifer,Junior Engineer,jenni.jenki@foster.com,(472)445-3262x6643
Fischer,Michael,Junior Engineer,micha.fisch@hood-phillips.com,001-996-984-1031x3318
Wolf,Richard,Junior Engineer,richa.wolf@james.com,382-868-3475x392
Grimes,Richard,Junior Engineer,richa.grime@villegas.biz,+1-776-771-0307
Marquez,James,Tech. Lead,james.marqu@ayala.biz,(469)243-7899
Howard,Kevin,Tech. Lead,kevin.howar@collins.net,867.405.7541
Rivera,Michael,Tech. Lead,micha.river@jones.info,+1-520-920-2737x9261
Yoder,Kelly,Tech. Lead,kelly.yoder@daugherty-hill.info,001-937-890-9320
Medina,Bruce,Tech. Lead,bruce.medin@costa-gregory.org,424.744.3350
Barnes,Monica,Tech. Lead,monic.barne@patrick-davis.org,(692)429-0311x77678
Jenkins,Debra,Tech. Lead,debra.jenki@avila-welch.com,411-390-3414x3551
Kirby,Joshua,Tech. Lead,joshu.kirby@garcia.com,(965)493-7399x43199
Bauer,Rebecca,Tech. Lead,rebec.bauer@adams.com,325-292-9269
Wall,Terri,Tech. Lead,terri.wall@smith-evans.com,(354)461-3932x000
Robles,Jerome,Tech. Lead,jerom.roble@benson.com,5462453912
Hale,Robert,Tech. Lead,rober.hale@butler.com,+1-697-332-7449x709
Bautista,Seth,Tech. Lead,seth.bauti@shaffer.info,(998)829-9035x44017
Romero,Lisa,Tech. Lead,lisa.romer@long.com,938.928.9962
Mendoza,Marilyn,Project Manager,maril.mendo@flowers-freeman.net,001-842-903-9860
Henderson,Cory,Project Manager,cory.hende@norris.com,001-406-907-5740
Jenkins,Andrew,Project Manager,andre.jenki@taylor.biz,215.277.5267
Yang,Michelle,Project Manager,miche.yang@johnston-smith.info,001-902-467-7350x361
Chen,Kevin,Project Manager,kevin.chen@shields.com,639-212-4017
Green,Kylie,Project Manager,kylie.green@wright.com,+1-398-542-6660
White,Scott,Project Manager,scott.white@contreras.info,721-870-3922
Schaefer,Courtney,Project Manager,court.schae@david-simon.com,871-818-2219x1798
Smith,Daniel,Project Manager,danie.smith@glenn.com,(458)330-5632
Ruiz,Dylan,Project Manager,dylan.ruiz@lucero.net,(587)852-2672x16914
Burns,Shawn,Project Manager,shawn.burns@erickson-mcdonald.com,451-996-4771
Hensley,Timothy,Project Manager,timot.hensl@gallegos.info,(292)497-7104
Wagner,Michelle,Project Manager,miche.wagne@spence.biz,5338130404
Moore,Nicole,Project Manager,nicol.moore@jackson.com,828.584.2132
Owen,Carl,Project Manager,carl.owen@harris.info,+1-667-769-9851x10943
Wright,Luis,Project Manager,luis.wrigh@harris.com,001-503-391-5052x8704
