Green,Stephen,"Pharmacist, hospital",steph.green@lang-wilson.biz,+1-843-731-8879x40862
Hoover,James,Patent attorney,james.hoove@golden-richardson.com,+1-538-647-7452x003
Webb,Vanessa,"Radiographer, therapeutic",vanes.webb@brown-king.com,(551)367-5502x2373
Ho,Nicole,"Designer, multimedia",nicol.ho@walker-strickland.com,966-460-8172x029
Jones,John,Software engineer,john.jones@gaines.com,+1-382-664-7904x958
Brown,Kevin,Clinical cytogeneticist,kevin.brown@white.com,001-669-744-4922x31115
May,Jonathan,Community education officer,jonat.may@taylor.com,819.925.1964
Lewis,Karen,Personal assistant,karen.lewis@baker.org,001-202-295-1331x5251
Thompson,Benjamin,IT sales professional,benja.thomp@thomas.com,(285)492-7808x3122
Kelley,Lisa,"Engineer, site",lisa.kelle@harris-wright.com,(208)575-7743x8165
Weiss,Ryan,"Buyer, industrial",ryan.weiss@cole.info,+1-796-334-8524x689
Williamson,Stephanie,Aid worker,steph.willi@lester-miller.com,577.429.7816x724
Weaver,Jennifer,Clothing/textile technologist,jenni.weave@boyd.info,001-253-513-9190x310
Brown,Kristin,Banker,krist.brown@thomas.info,9928534066
Hill,Michelle,Data processing manager,miche.hill@ballard.com,001-520-693-4482
Velez,Tracy,Landscape architect,tracy.velez@henson-nguyen.net,242-394-4242x865
Grant,James,Heritage manager,james.grant@bennett-malone.org,(959)546-2407x84839
Brown,Christopher,"Civil engineer, contracting",chris.brown@morris.net,+1-440-302-8866x744
Cross,Sandra,Secondary school teacher,sandr.cross@schneider-jones.net,7895310782
Greene,Ricky,Medical physicist,ricky.green@fox-lowe.com,547-854-5514x5358
Mcclain,Susan,"Surveyor, rural practice",susan.mccla@campbell-fischer.com,001-964-283-1148x09180
Powell,Elizabeth,"Geologist, wellsite",eliza.powel@woods.net,991-668-4612
Gonzalez,John,Chiropodist,john.gonza@jackson.biz,001-825-571-4665
Hudson,Lori,Astronomer,lori.hudso@mann-lawson.com,+1-203-613-3207x920
Butler,Kyle,Investment analyst,kyle.butle@cole.com,5892688875
Kirby,Brooke,"Designer, jewellery",brook.kirby@pierce.com,(300)368-6047x14197
Brown,Heather,"Therapist, speech and language",heath.brown@nichols.info,001-552-233-0000x661
Dean,Jeffrey,General practice doctor,jeffr.dean@phillips.com,(917)655-1879x3741
Gutierrez,Darren,Amenity horticulturist,darre.gutie@garner-ewing.com,(868)225-7041x5580
Larson,Rebecca,"Engineer, mining",rebec.larso@hernandez.com,(951)591-8729x78425
Kaiser,Tina,Film/video editor,tina.kaise@garcia.com,001-270-956-4633x829
Mendoza,Jennifer,Games developer,jenni.mendo@fields-rasmussen.biz,492.784.4728x947
Gomez,Jeffrey,Communications engineer,jeffr.gomez@thomas.com,(997)553-0470
Perkins,Melissa,"Designer, furniture",melis.perki@lee.biz,+1-909-725-2337
Guerrero,Raymond,Newspaper journalist,raymo.guerr@peterson.com,6815799301
Molina,Crystal,Manufacturing systems engineer,cryst.molin@simpson-moore.net,886.783.1349
Gordon,Rachel,Medical sales representative,rache.gordo@montes.net,232-318-8354
Patel,Briana,Arts administrator,brian.patel@miller.com,582-633-4238
Jones,David,Health and safety inspector,david.jones@ware.biz,360-345-6673x279
Sharp,Michael,Ship broker,micha.sharp@walters-horton.com,(244)389-5446x691
Perez,Arthur,"Runner, broadcasting/film/video",arthu.perez@ross.info,001-347-514-5635
Nelson,Courtney,Electronics engineer,court.nelso@mcconnell.com,+1-281-492-1785x8871
Parks,Hannah,Claims inspector/assessor,hanna.parks@holt.biz,(220)266-7096x025
Calderon,Eric,Museum/gallery exhibitions officer,eric.calde@newton-wilkinson.com,+1-256-514-1427x5783
Jenkins,Alison,"Buyer, industrial",aliso.jenki@williams-woods.com,511-381-0543x490
Perez,Brandy,Psychiatrist,brand.perez@huynh.biz,304.513.1757
Lam,Alan,Retail buyer,alan.lam@johnson.biz,001-376-994-4286
Garcia,Hannah,Data scientist,hanna.garci@maxwell.com,+1-765-755-5146x9872
Reynolds,Carl,Tax inspector,carl.reyno@shepherd-richards.org,(560)956-5564x071
Kline,Brooke,Contractor,brook.kline@pennington.net,395-728-7085
Miller,Melissa,Science writer,melis.mille@matthews.com,554-707-1467x00226
Everett,Jacob,"Scientist, forensic",jacob.evere@herman.com,+1-294-428-6644x170
Williams,Jonathan,Retail merchandiser,jonat.willi@bennett.com,912-571-9405
Boyd,Jack,"Exhibitions officer, museum/gallery",jack.boyd@weeks.com,948.962.3084x65538
Barrett,Victoria,Chartered legal executive (England and Wales),victo.barre@taylor.com,924-983-2750x0257
Ponce,Erica,Acupuncturist,erica.ponce@adams.info,(541)926-4299x83228
Boone,Caleb,Pharmacologist,caleb.boone@garcia-lopez.com,(529)523-8759
Barnett,Lisa,Diagnostic radiographer,lisa.barne@hobbs.com,519-203-2733x98442
Garcia,Tracey,Dramatherapist,trace.garci@gonzalez-brown.org,+1-330-653-3839x33566
Bishop,Brenda,Licensed conveyancer,brend.bisho@coleman-mann.com,(626)360-4079
Russo,Scott,Illustrator,scott.russo@griffith.com,226-360-0125x153
Wong,Jeffery,Biomedical scientist,jeffe.wong@ochoa.biz,224.732.0430
Thomas,Daniel,Barrister,danie.thoma@smith.com,6968307104
Campbell,Martin,Fine artist,marti.campb@hawkins.net,+1-476-319-1375
Walters,Amanda,Public house manager,amand.walte@james.biz,+1-835-675-1700x962
Hamilton,Matthew,Music therapist,matth.hamil@lee-moss.com,(941)485-2249x099
Jenkins,Jennifer,"Scientist, audiological",jenni.jenki@foster.com,(472)445-3262x6643
Fischer,Michael,Facilities manager,micha.fisch@hood-phillips.com,001-996-984-1031x3318
Wolf,Richard,Site engineer,richa.wolf@james.com,382-868-3475x392
Grimes,Richard,"Research officer, political party",richa.grime@villegas.biz,+1-776-771-0307
Marquez,James,Housing manager/officer,james.marqu@ayala.biz,(469)243-7899
Howard,Kevin,"Nurse, learning disability",kevin.howar@collins.net,867.405.7541
Rivera,Michael,Wellsite geologist,micha.river@jones.info,+1-520-920-2737x9261
Yoder,Kelly,Counsellor,kelly.yoder@daugherty-hill.info,001-937-890-9320
Medina,Bruce,Biomedical engineer,bruce.medin@costa-gregory.org,424.744.3350
Barnes,Monica,Futures trader,monic.barne@patrick-davis.org,(692)429-0311x77678
Jenkins,Debra,Orthoptist,debra.jenki@avila-welch.com,411-390-3414x3551
Kirby,Joshua,Recycling officer,joshu.kirby@garcia.com,(965)493-7399x43199
Bauer,Rebecca,Field trials officer,rebec.bauer@adams.com,325-292-9269
Wall,Terri,"Psychotherapist, dance movement",terri.wall@smith-evans.com,(354)461-3932x000
Robles,Jerome,Clothing/textile technologist,jerom.roble@benson.com,5462453912
Hale,Robert,Medical physicist,rober.hale@butler.com,+1-697-332-7449x709
Bautista,Seth,Radio broadcast assistant,seth.bauti@shaffer.info,(998)829-9035x44017
Romero,Lisa,Soil scientist,lisa.romer@long.com,938.928.9962
Mendoza,Marilyn,Civil Service fast streamer,maril.mendo@flowers-freeman.net,001-842-903-9860
Henderson,Cory,Tree surgeon,cory.hende@norris.com,001-406-907-5740
Jenkins,Andrew,Holiday representative,andre.jenki@taylor.biz,215.277.5267
Yang,Michelle,"Teacher, English as a foreign language",miche.yang@johnston-smith.info,001-902-467-7350x361
Chen,Kevin,Water engineer,kevin.chen@shields.com,639-212-4017
Green,Kylie,Electronics engineer,kylie.green@wright.com,+1-398-542-6660
White,Scott,"Journalist, broadcasting",scott.white@contreras.info,721-870-3922
Schaefer,Courtney,Hydrologist,court.schae@david-simon.com,871-818-2219x1798
Smith,Daniel,IT trainer,danie.smith@glenn.com,(458)330-5632
Ruiz,Dylan,Multimedia programmer,dylan.ruiz@lucero.net,(587)852-2672x16914
Burns,Shawn,"Therapist, music",shawn.burns@erickson-mcdonald.com,451-996-4771
Hensley,Timothy,Microbiologist,timot.hensl@gallegos.info,(292)497-7104
Wagner,Michelle,Careers adviser,miche.wagne@spence.biz,5338130404
Moore,Nicole,Fashion designer,nicol.moore@jackson.com,828.584.2132
Owen,Carl,"Scientist, physiological",carl.owen@harris.info,+1-667-769-9851x10943
Wright,Luis,Fashion designer,luis.wrigh@harris.com,001-503-391-5052x8704
